danceability,energy,key,loudness,mode,speechiness,acousticness,instrumentalness,liveness,valence,tempo,type,id,uri,track_href,analysis_url,duration_ms,time_signature,track_name,track_artist
0.77,0.814,7,-4.903,1,0.0772,0.376,0.0,0.0916,0.618,148.001,audio_features,1k1egPmIPWQ0J44PWgMDwA,spotify:track:1k1egPmIPWQ0J44PWgMDwA,https://api.spotify.com/v1/tracks/1k1egPmIPWQ0J44PWgMDwA,https://api.spotify.com/v1/audio-analysis/1k1egPmIPWQ0J44PWgMDwA,120000,4,Nois é Nois,Veigh
0.694,0.825,1,-5.986,1,0.111,0.0895,1.86e-05,0.0618,0.788,121.949,audio_features,6Q8ljVgg7kR0R5v2aOXHlg,spotify:track:6Q8ljVgg7kR0R5v2aOXHlg,https://api.spotify.com/v1/tracks/6Q8ljVgg7kR0R5v2aOXHlg,https://api.spotify.com/v1/audio-analysis/6Q8ljVgg7kR0R5v2aOXHlg,208067,4,Sweet Dreams,Beyoncé
0.702,0.705,0,-6.666,1,0.0543,0.258,5.93e-06,0.0879,0.743,154.911,audio_features,5a7NdkF09AfD0H607eiOkX,spotify:track:5a7NdkF09AfD0H607eiOkX,https://api.spotify.com/v1/tracks/5a7NdkF09AfD0H607eiOkX,https://api.spotify.com/v1/audio-analysis/5a7NdkF09AfD0H607eiOkX,213445,4,On My Mind,Ellie Goulding
0.761,0.724,5,-0.681,1,0.325,0.818,9.45e-05,0.107,0.514,85.899,audio_features,027ielmg4mNR1p1Ds3Mvgh,spotify:track:027ielmg4mNR1p1Ds3Mvgh,https://api.spotify.com/v1/tracks/027ielmg4mNR1p1Ds3Mvgh,https://api.spotify.com/v1/audio-analysis/027ielmg4mNR1p1Ds3Mvgh,162461,5,Não Vou Namorar,DJ Ws da Igrejinha
0.464,0.417,0,-9.345,0,0.0256,0.136,0.022,0.0974,0.479,67.528,audio_features,5XeFesFbtLpXzIVDNQP22n,spotify:track:5XeFesFbtLpXzIVDNQP22n,https://api.spotify.com/v1/tracks/5XeFesFbtLpXzIVDNQP22n,https://api.spotify.com/v1/audio-analysis/5XeFesFbtLpXzIVDNQP22n,183956,4,I Wanna Be Yours,Arctic Monkeys
0.806,0.649,9,-9.004,0,0.0347,0.0391,5.55e-05,0.0557,0.897,114.834,audio_features,7o67roCVsFiCt7Cf0ZLOJq,spotify:track:7o67roCVsFiCt7Cf0ZLOJq,https://api.spotify.com/v1/tracks/7o67roCVsFiCt7Cf0ZLOJq,https://api.spotify.com/v1/audio-analysis/7o67roCVsFiCt7Cf0ZLOJq,249573,4,Out of Touch,Daryl Hall & John Oates
0.924,0.688,11,-7.096,0,0.185,0.00618,0.0,0.0729,0.721,122.016,audio_features,7t1vMB31lura79BjKlpqAu,spotify:track:7t1vMB31lura79BjKlpqAu,https://api.spotify.com/v1/tracks/7t1vMB31lura79BjKlpqAu,https://api.spotify.com/v1/audio-analysis/7t1vMB31lura79BjKlpqAu,249344,4,Safadinha,UCLÃ
0.73,0.729,4,-3.434,0,0.0884,0.167,1.39e-06,0.349,0.467,113.011,audio_features,017PF4Q3l4DBUiWoXk4OWT,spotify:track:017PF4Q3l4DBUiWoXk4OWT,https://api.spotify.com/v1/tracks/017PF4Q3l4DBUiWoXk4OWT,https://api.spotify.com/v1/audio-analysis/017PF4Q3l4DBUiWoXk4OWT,221820,4,Break My Heart,Dua Lipa
0.82,0.889,1,-4.189,0,0.251,0.545,0.0,0.117,0.843,129.992,audio_features,4DIfs7pYossATpbk0WCLNB,spotify:track:4DIfs7pYossATpbk0WCLNB,https://api.spotify.com/v1/tracks/4DIfs7pYossATpbk0WCLNB,https://api.spotify.com/v1/audio-analysis/4DIfs7pYossATpbk0WCLNB,267697,4,Nois Não é Migo,MC Ryan SP
0.731,0.573,4,-10.059,0,0.0544,0.401,5.22e-05,0.113,0.145,109.928,audio_features,47EiUVwUp4C9fGccaPuUCS,spotify:track:47EiUVwUp4C9fGccaPuUCS,https://api.spotify.com/v1/tracks/47EiUVwUp4C9fGccaPuUCS,https://api.spotify.com/v1/audio-analysis/47EiUVwUp4C9fGccaPuUCS,205090,4,DÁKITI,Bad Bunny
0.789,0.356,6,-10.396,0,0.362,0.542,0.0,0.145,0.532,111.937,audio_features,39xOREhViooEYFpmnKTdrl,spotify:track:39xOREhViooEYFpmnKTdrl,https://api.spotify.com/v1/tracks/39xOREhViooEYFpmnKTdrl,https://api.spotify.com/v1/audio-analysis/39xOREhViooEYFpmnKTdrl,188497,4,Engana Dizendo Que Ama,Veigh
0.712,0.89,1,-3.792,0,0.0729,0.645,0.0,0.0726,0.569,163.848,audio_features,4DYmJ19DhmxUe26QhANDYv,spotify:track:4DYmJ19DhmxUe26QhANDYv,https://api.spotify.com/v1/tracks/4DYmJ19DhmxUe26QhANDYv,https://api.spotify.com/v1/audio-analysis/4DYmJ19DhmxUe26QhANDYv,163902,4,Folgado - Ao Vivo,Marília Mendonça
0.927,0.619,5,-4.441,0,0.0539,0.0186,0.0,0.104,0.817,117.995,audio_features,6wsqVwoiVH2kde4k4KKAFU,spotify:track:6wsqVwoiVH2kde4k4KKAFU,https://api.spotify.com/v1/tracks/6wsqVwoiVH2kde4k4KKAFU,https://api.spotify.com/v1/audio-analysis/6wsqVwoiVH2kde4k4KKAFU,211582,4,I KNOW ?,Travis Scott
0.711,0.722,2,-8.438,1,0.202,0.101,1.26e-05,0.628,0.398,120.058,audio_features,0XMl0fVTh3PyPlwyJTn33n,spotify:track:0XMl0fVTh3PyPlwyJTn33n,https://api.spotify.com/v1/tracks/0XMl0fVTh3PyPlwyJTn33n,https://api.spotify.com/v1/audio-analysis/0XMl0fVTh3PyPlwyJTn33n,166005,4,Be Someone (feat. Ray X Ben),KVSH
0.556,0.523,6,-12.642,0,0.0897,0.0155,0.000867,0.0909,0.138,148.181,audio_features,14xkymMrohqQbLYH88oGQA,spotify:track:14xkymMrohqQbLYH88oGQA,https://api.spotify.com/v1/tracks/14xkymMrohqQbLYH88oGQA,https://api.spotify.com/v1/audio-analysis/14xkymMrohqQbLYH88oGQA,193961,4,Shameless,Brejun
0.624,0.629,0,-3.279,0,0.325,0.381,0.0,0.119,0.501,83.22,audio_features,3M4B9yhMAdgnpYphJjlXvP,spotify:track:3M4B9yhMAdgnpYphJjlXvP,https://api.spotify.com/v1/tracks/3M4B9yhMAdgnpYphJjlXvP,https://api.spotify.com/v1/audio-analysis/3M4B9yhMAdgnpYphJjlXvP,234057,5,Veracruz,Mc Kevin
0.658,0.56,4,-7.661,0,0.15,0.374,0.0,0.102,0.282,90.026,audio_features,0BiIVU9U3urXdPstfZQ6SB,spotify:track:0BiIVU9U3urXdPstfZQ6SB,https://api.spotify.com/v1/tracks/0BiIVU9U3urXdPstfZQ6SB,https://api.spotify.com/v1/audio-analysis/0BiIVU9U3urXdPstfZQ6SB,177500,4,Central do Brasil (4:20),Xamã
0.525,0.433,6,-10.598,1,0.185,0.107,0.0,0.135,0.276,160.108,audio_features,43PuMrRfbyyuz4QpZ3oAwN,spotify:track:43PuMrRfbyyuz4QpZ3oAwN,https://api.spotify.com/v1/tracks/43PuMrRfbyyuz4QpZ3oAwN,https://api.spotify.com/v1/audio-analysis/43PuMrRfbyyuz4QpZ3oAwN,194613,4,Exchange,Bryson Tiller
0.739,0.75,2,-7.945,1,0.0604,0.00465,0.00902,0.348,0.225,126.016,audio_features,5INT7DVOEKXo0uyVhPtg9n,spotify:track:5INT7DVOEKXo0uyVhPtg9n,https://api.spotify.com/v1/tracks/5INT7DVOEKXo0uyVhPtg9n,https://api.spotify.com/v1/audio-analysis/5INT7DVOEKXo0uyVhPtg9n,129524,4,"Dance For Me (1, 2, 3)",Lyente
0.851,0.544,11,-6.428,1,0.13,0.55,0.0,0.0909,0.723,125.075,audio_features,7fxrvStpH0qyh6iHXoSZ31,spotify:track:7fxrvStpH0qyh6iHXoSZ31,https://api.spotify.com/v1/tracks/7fxrvStpH0qyh6iHXoSZ31,https://api.spotify.com/v1/audio-analysis/7fxrvStpH0qyh6iHXoSZ31,247702,4,"Sem convite (feat. MODÉ$TIA, MC Cabelinho e Yoka)",Papatinho
0.691,0.708,9,-4.821,1,0.195,0.338,0.0,0.311,0.602,160.018,audio_features,4uqJelb9THHmJ3OCohg4ZJ,spotify:track:4uqJelb9THHmJ3OCohg4ZJ,https://api.spotify.com/v1/tracks/4uqJelb9THHmJ3OCohg4ZJ,https://api.spotify.com/v1/audio-analysis/4uqJelb9THHmJ3OCohg4ZJ,173698,4,Nosso Quadro,AgroPlay
0.724,0.573,7,-4.113,1,0.0549,0.118,0.0,0.538,0.438,113.088,audio_features,4KW1lqgSr8TKrvBII0Brf8,spotify:track:4KW1lqgSr8TKrvBII0Brf8,https://api.spotify.com/v1/tracks/4KW1lqgSr8TKrvBII0Brf8,https://api.spotify.com/v1/audio-analysis/4KW1lqgSr8TKrvBII0Brf8,135920,4,Father Stretch My Hands Pt. 1,Kanye West
0.628,0.523,11,-8.307,0,0.0946,0.701,0.00274,0.219,0.416,169.982,audio_features,5mjYQaktjmjcMKcUIcqz4s,spotify:track:5mjYQaktjmjcMKcUIcqz4s,https://api.spotify.com/v1/tracks/5mjYQaktjmjcMKcUIcqz4s,https://api.spotify.com/v1/audio-analysis/5mjYQaktjmjcMKcUIcqz4s,172965,4,Strangers,Kenya Grace
0.5,0.501,0,-8.284,0,0.0376,0.462,0.0,0.26,0.623,144.438,audio_features,0cGG2EouYCEEC3xfa0tDFV,spotify:track:0cGG2EouYCEEC3xfa0tDFV,https://api.spotify.com/v1/tracks/0cGG2EouYCEEC3xfa0tDFV,https://api.spotify.com/v1/audio-analysis/0cGG2EouYCEEC3xfa0tDFV,153800,4,Tainted Love,Soft Cell
0.854,0.93,2,-2.022,1,0.245,0.214,0.0,0.336,0.725,87.554,audio_features,1ljWurj1F8YQ5lqLYXyR4H,spotify:track:1ljWurj1F8YQ5lqLYXyR4H,https://api.spotify.com/v1/tracks/1ljWurj1F8YQ5lqLYXyR4H,https://api.spotify.com/v1/audio-analysis/1ljWurj1F8YQ5lqLYXyR4H,133029,4,Já Te Amei (170 Bpm) - Remix,MC Senna
0.668,0.829,11,-2.748,0,0.0334,0.00572,0.0,0.358,0.648,127.0,audio_features,55VzNhbcf0Gxf6qRCUAV01,spotify:track:55VzNhbcf0Gxf6qRCUAV01,https://api.spotify.com/v1/tracks/55VzNhbcf0Gxf6qRCUAV01,https://api.spotify.com/v1/audio-analysis/55VzNhbcf0Gxf6qRCUAV01,192276,4,Little Bad Girl (feat. Taio Cruz & Ludacris),David Guetta
0.639,0.628,6,-7.578,0,0.0399,0.0381,0.0,0.386,0.43,90.482,audio_features,5TRPicyLGbAF2LGBFbHGvO,spotify:track:5TRPicyLGbAF2LGBFbHGvO,https://api.spotify.com/v1/tracks/5TRPicyLGbAF2LGBFbHGvO,https://api.spotify.com/v1/audio-analysis/5TRPicyLGbAF2LGBFbHGvO,237507,4,Flashing Lights,Kanye West
0.567,0.505,0,-6.894,1,0.223,0.372,0.0,0.111,0.359,109.888,audio_features,5f4P00Gz96UNrwZnsnzC4i,spotify:track:5f4P00Gz96UNrwZnsnzC4i,https://api.spotify.com/v1/tracks/5f4P00Gz96UNrwZnsnzC4i,https://api.spotify.com/v1/audio-analysis/5f4P00Gz96UNrwZnsnzC4i,177386,5,Beaujolais,Calabasas
0.596,0.856,4,-3.556,0,0.0346,0.0211,0.0178,0.141,0.743,127.949,audio_features,6YUTL4dYpB9xZO5qExPf05,spotify:track:6YUTL4dYpB9xZO5qExPf05,https://api.spotify.com/v1/tracks/6YUTL4dYpB9xZO5qExPf05,https://api.spotify.com/v1/audio-analysis/6YUTL4dYpB9xZO5qExPf05,222533,4,Summer,Calvin Harris
0.726,0.704,6,-5.871,0,0.0318,0.0559,1.61e-05,0.132,0.44,113.971,audio_features,1tghjqMyvWDXux1sBTZOXP,spotify:track:1tghjqMyvWDXux1sBTZOXP,https://api.spotify.com/v1/tracks/1tghjqMyvWDXux1sBTZOXP,https://api.spotify.com/v1/audio-analysis/1tghjqMyvWDXux1sBTZOXP,198421,4,Too Bad,GIULIA BE
0.865,0.462,4,-4.802,0,0.151,0.412,0.0,0.233,0.667,133.063,audio_features,1Cmy8GxBFbWNbh4jPnPQ9n,spotify:track:1Cmy8GxBFbWNbh4jPnPQ9n,https://api.spotify.com/v1/tracks/1Cmy8GxBFbWNbh4jPnPQ9n,https://api.spotify.com/v1/audio-analysis/1Cmy8GxBFbWNbh4jPnPQ9n,187951,4,Irmã Gostosa,Mc Livinho
0.714,0.563,1,-7.574,1,0.0723,0.0266,0.0,0.0776,0.31,100.091,audio_features,1ID1QFSNNxi0hiZCNcwjUC,spotify:track:1ID1QFSNNxi0hiZCNcwjUC,https://api.spotify.com/v1/tracks/1ID1QFSNNxi0hiZCNcwjUC,https://api.spotify.com/v1/audio-analysis/1ID1QFSNNxi0hiZCNcwjUC,241853,4,Legend,Drake
0.806,0.608,1,-7.008,1,0.0659,0.0113,0.0,0.635,0.849,95.049,audio_features,1huvTbEYtgltjQRXzrNKGi,spotify:track:1huvTbEYtgltjQRXzrNKGi,https://api.spotify.com/v1/tracks/1huvTbEYtgltjQRXzrNKGi,https://api.spotify.com/v1/audio-analysis/1huvTbEYtgltjQRXzrNKGi,219840,4,Don't,Ed Sheeran
0.846,0.743,6,-3.044,1,0.0443,0.16,0.0,0.117,0.913,118.023,audio_features,2D1YgoOgqGfEENCtsZNXMi,spotify:track:2D1YgoOgqGfEENCtsZNXMi,https://api.spotify.com/v1/tracks/2D1YgoOgqGfEENCtsZNXMi,https://api.spotify.com/v1/audio-analysis/2D1YgoOgqGfEENCtsZNXMi,162222,4,Vai Vendo,Anitta
0.73,0.777,3,-5.194,0,0.0496,0.105,0.000478,0.0691,0.575,130.0,audio_features,3C0nOe05EIt1390bVABLyN,spotify:track:3C0nOe05EIt1390bVABLyN,https://api.spotify.com/v1/tracks/3C0nOe05EIt1390bVABLyN,https://api.spotify.com/v1/audio-analysis/3C0nOe05EIt1390bVABLyN,284867,4,On The Floor,Jennifer Lopez
0.724,0.912,9,-5.628,1,0.404,0.313,0.0,0.0921,0.477,89.971,audio_features,3HfJucp1eH2WZYn9fdDE74,spotify:track:3HfJucp1eH2WZYn9fdDE74,https://api.spotify.com/v1/tracks/3HfJucp1eH2WZYn9fdDE74,https://api.spotify.com/v1/audio-analysis/3HfJucp1eH2WZYn9fdDE74,168763,4,c l o s e,J. Cole
0.76,0.479,2,-5.574,1,0.0466,0.556,0.0,0.0703,0.913,89.911,audio_features,3KkXRkHbMCARz0aVfEt68P,spotify:track:3KkXRkHbMCARz0aVfEt68P,https://api.spotify.com/v1/tracks/3KkXRkHbMCARz0aVfEt68P,https://api.spotify.com/v1/audio-analysis/3KkXRkHbMCARz0aVfEt68P,158040,4,Sunflower - Spider-Man: Into the Spider-Verse,Post Malone
0.83,0.585,1,-5.802,1,0.0366,0.225,0.00209,0.0576,0.642,105.03,audio_features,5bgwqaRSS3M8WHWruHgSL5,spotify:track:5bgwqaRSS3M8WHWruHgSL5,https://api.spotify.com/v1/tracks/5bgwqaRSS3M8WHWruHgSL5,https://api.spotify.com/v1/audio-analysis/5bgwqaRSS3M8WHWruHgSL5,228600,4,8TEEN,Khalid
0.854,0.569,5,-8.151,0,0.106,0.0609,0.0816,0.1,0.294,80.015,audio_features,7ycWLEP1GsNjVvcjawXz3z,spotify:track:7ycWLEP1GsNjVvcjawXz3z,https://api.spotify.com/v1/tracks/7ycWLEP1GsNjVvcjawXz3z,https://api.spotify.com/v1/audio-analysis/7ycWLEP1GsNjVvcjawXz3z,205040,4,Praise The Lord (Da Shine) (feat. Skepta),A$AP Rocky
0.722,0.331,8,-7.789,1,0.0726,0.337,0.282,0.146,0.102,143.961,audio_features,7EiZI6JVHllARrX9PUvAdX,spotify:track:7EiZI6JVHllARrX9PUvAdX,https://api.spotify.com/v1/tracks/7EiZI6JVHllARrX9PUvAdX,https://api.spotify.com/v1/audio-analysis/7EiZI6JVHllARrX9PUvAdX,313547,4,Low Life (feat. The Weeknd),Future
0.566,0.655,3,-3.079,0,0.313,0.553,0.0,0.0974,0.699,88.95,audio_features,1fzaUKQv7sgGW0udQVghSW,spotify:track:1fzaUKQv7sgGW0udQVghSW,https://api.spotify.com/v1/tracks/1fzaUKQv7sgGW0udQVghSW,https://api.spotify.com/v1/audio-analysis/1fzaUKQv7sgGW0udQVghSW,438749,3,Desacato,MC LUUKY
0.826,0.612,1,-3.891,1,0.0982,0.00681,0.0,0.0889,0.756,120.057,audio_features,6vc2Jq2vaGu8z326kSrw92,spotify:track:6vc2Jq2vaGu8z326kSrw92,https://api.spotify.com/v1/tracks/6vc2Jq2vaGu8z326kSrw92,https://api.spotify.com/v1/audio-analysis/6vc2Jq2vaGu8z326kSrw92,187133,4,Your Love Is My Drug,Kesha
0.777,0.816,2,-7.01,0,0.189,0.0324,7.94e-05,0.138,0.516,150.09,audio_features,086THPnabbu1zfDjRsxpoN,spotify:track:086THPnabbu1zfDjRsxpoN,https://api.spotify.com/v1/tracks/086THPnabbu1zfDjRsxpoN,https://api.spotify.com/v1/audio-analysis/086THPnabbu1zfDjRsxpoN,116465,4,MONEY ON THE DASH - SPED UP,Elley Duhé
0.72,0.661,2,-5.663,0,0.245,0.686,0.0,0.33,0.759,130.143,audio_features,0S9JEbBKzkPOqMgEgZxXXh,spotify:track:0S9JEbBKzkPOqMgEgZxXXh,https://api.spotify.com/v1/tracks/0S9JEbBKzkPOqMgEgZxXXh,https://api.spotify.com/v1/audio-analysis/0S9JEbBKzkPOqMgEgZxXXh,150480,4,Iphone Fourteen,MC Teteu
0.841,0.409,6,-1.436,0,0.0655,0.761,0.0,0.0894,0.896,86.61,audio_features,0XJ125XpbDrPM4ncStIIUT,spotify:track:0XJ125XpbDrPM4ncStIIUT,https://api.spotify.com/v1/tracks/0XJ125XpbDrPM4ncStIIUT,https://api.spotify.com/v1/audio-analysis/0XJ125XpbDrPM4ncStIIUT,132461,5,Bandido de Glock - ESTUDIO,Mc Mika
0.646,0.795,9,-3.293,1,0.0976,0.0319,0.0,0.267,0.796,89.99,audio_features,0qOnSQQF0yzuPWsXrQ9paz,spotify:track:0qOnSQQF0yzuPWsXrQ9paz,https://api.spotify.com/v1/tracks/0qOnSQQF0yzuPWsXrQ9paz,https://api.spotify.com/v1/audio-analysis/0qOnSQQF0yzuPWsXrQ9paz,210960,4,Stereo Hearts (feat. Adam Levine),Gym Class Heroes
0.739,0.845,5,-5.93,0,0.0397,0.00155,0.0107,0.775,0.839,121.997,audio_features,12yj178KaJo8PrddT0StaL,spotify:track:12yj178KaJo8PrddT0StaL,https://api.spotify.com/v1/tracks/12yj178KaJo8PrddT0StaL,https://api.spotify.com/v1/audio-analysis/12yj178KaJo8PrddT0StaL,147541,4,What's Up,Gaullin
0.742,0.844,2,-4.622,1,0.0479,0.000634,0.0,0.0659,0.416,131.986,audio_features,1h6kgem1ai8vUgO1rZOwfB,spotify:track:1h6kgem1ai8vUgO1rZOwfB,https://api.spotify.com/v1/tracks/1h6kgem1ai8vUgO1rZOwfB,https://api.spotify.com/v1/audio-analysis/1h6kgem1ai8vUgO1rZOwfB,293840,4,I Don't Like,Chief Keef
0.792,0.625,1,-5.609,1,0.0536,0.00776,0.0018,0.329,0.37,103.967,audio_features,1zi7xx7UVEFkmKfv06H8x0,spotify:track:1zi7xx7UVEFkmKfv06H8x0,https://api.spotify.com/v1/tracks/1zi7xx7UVEFkmKfv06H8x0,https://api.spotify.com/v1/audio-analysis/1zi7xx7UVEFkmKfv06H8x0,173987,4,One Dance,Drake
0.532,0.355,1,-6.632,1,0.332,0.732,0.0,0.105,0.399,82.713,audio_features,22sAwsBH0NoNJXnrBenQuO,spotify:track:22sAwsBH0NoNJXnrBenQuO,https://api.spotify.com/v1/tracks/22sAwsBH0NoNJXnrBenQuO,https://api.spotify.com/v1/audio-analysis/22sAwsBH0NoNJXnrBenQuO,120461,3,Sem Aliança no Dedo,MC Xenon
0.73,0.422,5,-6.211,0,0.0678,0.123,0.00292,0.105,0.505,118.427,audio_features,28luqgS4NCuFKP6YSOtia5,spotify:track:28luqgS4NCuFKP6YSOtia5,https://api.spotify.com/v1/tracks/28luqgS4NCuFKP6YSOtia5,https://api.spotify.com/v1/audio-analysis/28luqgS4NCuFKP6YSOtia5,173785,4,Foreplay,Jalen Santoy
0.394,0.661,4,-8.684,1,0.192,0.00996,0.0,0.343,0.335,149.818,audio_features,2N3U8uTYhjX2KwGT0pf5x0,spotify:track:2N3U8uTYhjX2KwGT0pf5x0,https://api.spotify.com/v1/tracks/2N3U8uTYhjX2KwGT0pf5x0,https://api.spotify.com/v1/audio-analysis/2N3U8uTYhjX2KwGT0pf5x0,260987,4,"Everyday (feat. Rod Stewart, Miguel & Mark Ronson)",A$AP Rocky
0.683,0.571,1,-7.721,1,0.0286,0.0335,0.0616,0.0957,0.29,120.044,audio_features,2ouFrmMwYik8nQX2n9SeZu,spotify:track:2ouFrmMwYik8nQX2n9SeZu,https://api.spotify.com/v1/tracks/2ouFrmMwYik8nQX2n9SeZu,https://api.spotify.com/v1/audio-analysis/2ouFrmMwYik8nQX2n9SeZu,261001,4,On My Knees,RÜFÜS DU SOL
0.645,0.891,6,-2.505,0,0.0387,0.0932,3.88e-06,0.379,0.568,124.915,audio_features,2rgtCOVK2tpfao2VjURn84,spotify:track:2rgtCOVK2tpfao2VjURn84,https://api.spotify.com/v1/tracks/2rgtCOVK2tpfao2VjURn84,https://api.spotify.com/v1/audio-analysis/2rgtCOVK2tpfao2VjURn84,203520,4,Lovers on the Sun (feat. Sam Martin),David Guetta
0.726,0.769,6,-5.043,1,0.123,0.0293,0.0101,0.104,0.733,97.985,audio_features,3B54sVLJ402zGa6Xm4YGNe,spotify:track:3B54sVLJ402zGa6Xm4YGNe,https://api.spotify.com/v1/tracks/3B54sVLJ402zGa6Xm4YGNe,https://api.spotify.com/v1/audio-analysis/3B54sVLJ402zGa6Xm4YGNe,233902,4,Unforgettable,French Montana
0.743,0.87,1,-2.188,1,0.212,0.0595,0.0,0.299,0.884,99.079,audio_features,3wScL5W8H40zzCKN0atfBk,spotify:track:3wScL5W8H40zzCKN0atfBk,https://api.spotify.com/v1/tracks/3wScL5W8H40zzCKN0atfBk,https://api.spotify.com/v1/audio-analysis/3wScL5W8H40zzCKN0atfBk,194184,4,Uproar,Lil Wayne
0.853,0.693,1,-6.87,1,0.275,0.0239,0.0,0.11,0.662,95.967,audio_features,4X5f3vT8MRuXF68pfjNte5,spotify:track:4X5f3vT8MRuXF68pfjNte5,https://api.spotify.com/v1/tracks/4X5f3vT8MRuXF68pfjNte5,https://api.spotify.com/v1/audio-analysis/4X5f3vT8MRuXF68pfjNte5,233787,4,"F**kin' Problems (feat. Drake, 2 Chainz & Kendrick Lamar)",A$AP Rocky
0.782,0.885,11,-6.439,0,0.131,0.00845,0.0,0.0725,0.608,94.491,audio_features,5G0IKeid1KIFnfUb3RCgp3,spotify:track:5G0IKeid1KIFnfUb3RCgp3,https://api.spotify.com/v1/tracks/5G0IKeid1KIFnfUb3RCgp3,https://api.spotify.com/v1/audio-analysis/5G0IKeid1KIFnfUb3RCgp3,172755,4,Wicked,JMB Juvie
0.617,0.621,11,-10.233,1,0.0306,0.0207,3.8e-05,0.0879,0.378,124.992,audio_features,5K8cyMKcnG4rx5ocW3u7OW,spotify:track:5K8cyMKcnG4rx5ocW3u7OW,https://api.spotify.com/v1/tracks/5K8cyMKcnG4rx5ocW3u7OW,https://api.spotify.com/v1/audio-analysis/5K8cyMKcnG4rx5ocW3u7OW,227173,4,Ordinary Love - Extraordinary Mix,U2
0.893,0.48,1,-3.728,0,0.356,0.00855,0.0,0.116,0.382,86.976,audio_features,5lFDtgWsjRJu8fPOAyJIAK,spotify:track:5lFDtgWsjRJu8fPOAyJIAK,https://api.spotify.com/v1/tracks/5lFDtgWsjRJu8fPOAyJIAK,https://api.spotify.com/v1/audio-analysis/5lFDtgWsjRJu8fPOAyJIAK,170638,4,Back To Back,Drake
0.754,0.342,10,-8.677,0,0.0991,0.073,0.0,0.193,0.423,128.981,audio_features,5qHirGR7M9tdm6C17DlzSY,spotify:track:5qHirGR7M9tdm6C17DlzSY,https://api.spotify.com/v1/tracks/5qHirGR7M9tdm6C17DlzSY,https://api.spotify.com/v1/audio-analysis/5qHirGR7M9tdm6C17DlzSY,121347,4,REEL IT IN,Aminé
0.646,0.918,9,-4.112,1,0.0346,0.382,1.87e-05,0.251,0.87,143.943,audio_features,6Ulh9GPYz6JKdv04qc3q2U,spotify:track:6Ulh9GPYz6JKdv04qc3q2U,https://api.spotify.com/v1/tracks/6Ulh9GPYz6JKdv04qc3q2U,https://api.spotify.com/v1/audio-analysis/6Ulh9GPYz6JKdv04qc3q2U,153958,4,Dengo,João Gomes
0.734,0.751,1,-7.26,1,0.285,0.00529,0.0,0.183,0.56,161.997,audio_features,6V4KHt9xu4TPEnDFoBeacT,spotify:track:6V4KHt9xu4TPEnDFoBeacT,https://api.spotify.com/v1/tracks/6V4KHt9xu4TPEnDFoBeacT,https://api.spotify.com/v1/audio-analysis/6V4KHt9xu4TPEnDFoBeacT,159916,4,Rubbin off the Paint,YBN Nahmir
0.677,0.868,11,-4.313,0,0.0322,0.594,0.0,0.0967,0.966,95.994,audio_features,6Vfcu5p7cPcoVImKJ4gBhI,spotify:track:6Vfcu5p7cPcoVImKJ4gBhI,https://api.spotify.com/v1/tracks/6Vfcu5p7cPcoVImKJ4gBhI,https://api.spotify.com/v1/audio-analysis/6Vfcu5p7cPcoVImKJ4gBhI,400627,4,Mina do Condomínio,Seu Jorge
0.786,0.687,0,-5.914,1,0.141,0.00758,0.0,0.619,0.345,105.021,audio_features,6cREm4bV7V79Yxdilx9HDo,spotify:track:6cREm4bV7V79Yxdilx9HDo,https://api.spotify.com/v1/tracks/6cREm4bV7V79Yxdilx9HDo,https://api.spotify.com/v1/audio-analysis/6cREm4bV7V79Yxdilx9HDo,215160,4,Once In a While,Timeflies
0.7,0.914,2,-3.047,0,0.0539,0.168,0.0,0.761,0.776,149.918,audio_features,6e5byyKtx6R0h66gagelPe,spotify:track:6e5byyKtx6R0h66gagelPe,https://api.spotify.com/v1/tracks/6e5byyKtx6R0h66gagelPe,https://api.spotify.com/v1/audio-analysis/6e5byyKtx6R0h66gagelPe,144298,4,Quando Apaga A Luz - Ao Vivo,Gustavo Mioto
0.907,0.633,2,-5.145,1,0.184,0.0876,2.6e-06,0.106,0.395,145.914,audio_features,6n4U3TlzUGhdSFbUUhTvLP,spotify:track:6n4U3TlzUGhdSFbUUhTvLP,https://api.spotify.com/v1/tracks/6n4U3TlzUGhdSFbUUhTvLP,https://api.spotify.com/v1/audio-analysis/6n4U3TlzUGhdSFbUUhTvLP,276147,4,Walk It Talk It,Migos
0.57,0.873,5,-5.188,0,0.07,0.00853,0.0,0.365,0.236,125.086,audio_features,6siDDghVE7fxel5o7fE4OF,spotify:track:6siDDghVE7fxel5o7fE4OF,https://api.spotify.com/v1/tracks/6siDDghVE7fxel5o7fE4OF,https://api.spotify.com/v1/audio-analysis/6siDDghVE7fxel5o7fE4OF,171133,4,Sweater Weather,Gaullin
0.8,0.512,7,-12.23,0,0.257,0.405,0.0,0.132,0.571,169.961,audio_features,77ZdmKBiQACXRpe16JwkDy,spotify:track:77ZdmKBiQACXRpe16JwkDy,https://api.spotify.com/v1/tracks/77ZdmKBiQACXRpe16JwkDy,https://api.spotify.com/v1/audio-analysis/77ZdmKBiQACXRpe16JwkDy,175037,4,É Sempre Assim,MC Gui Andrade
0.722,0.761,11,-4.459,0,0.0475,0.0117,0.0,0.315,0.624,128.044,audio_features,7pYfyrMNPn3wtoCyqcTVoI,spotify:track:7pYfyrMNPn3wtoCyqcTVoI,https://api.spotify.com/v1/tracks/7pYfyrMNPn3wtoCyqcTVoI,https://api.spotify.com/v1/audio-analysis/7pYfyrMNPn3wtoCyqcTVoI,201493,4,"Moves Like Jagger - Studio Recording From ""The Voice"" Performance",Maroon 5
0.809,0.617,4,-7.55,0,0.297,0.52,0.0,0.17,0.506,130.055,audio_features,7waYsXxo3ckAAaLbnxtmjq,spotify:track:7waYsXxo3ckAAaLbnxtmjq,https://api.spotify.com/v1/tracks/7waYsXxo3ckAAaLbnxtmjq,https://api.spotify.com/v1/audio-analysis/7waYsXxo3ckAAaLbnxtmjq,271385,4,Lip Tint,Xamã
0.497,0.48,6,-4.286,0,0.0898,0.793,0.000102,0.368,0.454,102.001,audio_features,60foquI0jndvp1YJEJrU0A,spotify:track:60foquI0jndvp1YJEJrU0A,https://api.spotify.com/v1/tracks/60foquI0jndvp1YJEJrU0A,https://api.spotify.com/v1/audio-analysis/60foquI0jndvp1YJEJrU0A,140308,3,Mega a Cura Antidepressiva,DJ Wesley Gonzaga
0.7,0.359,3,-9.785,0,0.208,0.375,0.0,0.153,0.879,85.621,audio_features,1JQ1ylL2JEjC6Ib7IJgOvS,spotify:track:1JQ1ylL2JEjC6Ib7IJgOvS,https://api.spotify.com/v1/tracks/1JQ1ylL2JEjC6Ib7IJgOvS,https://api.spotify.com/v1/audio-analysis/1JQ1ylL2JEjC6Ib7IJgOvS,161366,4,Coração Amoleceu,Mc Don Juan
0.562,0.987,1,-2.186,0,0.161,0.323,0.0,0.778,0.765,188.143,audio_features,1xPLY8mJWwaWC8bxmkvttG,spotify:track:1xPLY8mJWwaWC8bxmkvttG,https://api.spotify.com/v1/tracks/1xPLY8mJWwaWC8bxmkvttG,https://api.spotify.com/v1/audio-analysis/1xPLY8mJWwaWC8bxmkvttG,196885,4,Não Tô Valendo Nada - Ao Vivo,Henrique & Juliano
0.569,0.777,4,-4.041,0,0.0834,0.139,0.0,0.132,0.181,164.027,audio_features,09IOPhEh1OMe0HD9b36FJk,spotify:track:09IOPhEh1OMe0HD9b36FJk,https://api.spotify.com/v1/tracks/09IOPhEh1OMe0HD9b36FJk,https://api.spotify.com/v1/audio-analysis/09IOPhEh1OMe0HD9b36FJk,246987,4,Over Now,Post Malone
0.835,0.669,6,-5.582,0,0.0643,0.0336,6.92e-05,0.0535,0.542,122.668,audio_features,0ByMNEPAPpOR5H69DVrTNy,spotify:track:0ByMNEPAPpOR5H69DVrTNy,https://api.spotify.com/v1/tracks/0ByMNEPAPpOR5H69DVrTNy,https://api.spotify.com/v1/audio-analysis/0ByMNEPAPpOR5H69DVrTNy,267080,4,Don't Stop The Music,Rihanna
0.815,0.69,9,-4.622,1,0.0469,0.29,0.0,0.312,0.654,135.036,audio_features,0DlHQxrVijRqVUfuS6PKaY,spotify:track:0DlHQxrVijRqVUfuS6PKaY,https://api.spotify.com/v1/tracks/0DlHQxrVijRqVUfuS6PKaY,https://api.spotify.com/v1/audio-analysis/0DlHQxrVijRqVUfuS6PKaY,185000,4,Deixa de Onda (Porra Nenhuma),DENNIS
0.709,0.745,4,-6.437,0,0.0738,0.0225,5.2e-05,0.154,0.576,126.027,audio_features,0GX5oOKtU0nnx5OkhenW2i,spotify:track:0GX5oOKtU0nnx5OkhenW2i,https://api.spotify.com/v1/tracks/0GX5oOKtU0nnx5OkhenW2i,https://api.spotify.com/v1/audio-analysis/0GX5oOKtU0nnx5OkhenW2i,234360,4,Closer,Ne-Yo
0.722,0.531,9,-2.729,1,0.081,0.142,0.0,0.114,0.487,130.069,audio_features,0THt0HoJIoPR0OC8W8AmOQ,spotify:track:0THt0HoJIoPR0OC8W8AmOQ,https://api.spotify.com/v1/tracks/0THt0HoJIoPR0OC8W8AmOQ,https://api.spotify.com/v1/audio-analysis/0THt0HoJIoPR0OC8W8AmOQ,153308,4,Ô Garota (feat. DogBeat),JC NO BEAT
0.858,0.678,1,-3.87,0,0.0469,0.0761,0.0,0.0741,0.922,117.009,audio_features,0laYHRpNTS6i8FXdupHkJ4,spotify:track:0laYHRpNTS6i8FXdupHkJ4,https://api.spotify.com/v1/tracks/0laYHRpNTS6i8FXdupHkJ4,https://api.spotify.com/v1/audio-analysis/0laYHRpNTS6i8FXdupHkJ4,188453,4,Love You Like A Love Song,Selena Gomez & The Scene
0.88,0.575,6,-6.091,1,0.163,0.415,0.0,0.109,0.671,120.031,audio_features,1dg3qy5DjoJodawfOCgrTP,spotify:track:1dg3qy5DjoJodawfOCgrTP,https://api.spotify.com/v1/tracks/1dg3qy5DjoJodawfOCgrTP,https://api.spotify.com/v1/audio-analysis/1dg3qy5DjoJodawfOCgrTP,232048,4,Run It Up (feat. Offset & Moneybagg Yo),Lil Tjay
0.818,0.913,4,-3.06,0,0.0426,0.093,3.69e-05,0.161,0.536,119.986,audio_features,1vvNmPOiUuyCbgWmtc6yfm,spotify:track:1vvNmPOiUuyCbgWmtc6yfm,https://api.spotify.com/v1/tracks/1vvNmPOiUuyCbgWmtc6yfm,https://api.spotify.com/v1/audio-analysis/1vvNmPOiUuyCbgWmtc6yfm,219160,4,My Way,Calvin Harris
0.758,0.694,1,-4.691,1,0.0355,0.448,0.00053,0.23,0.597,127.987,audio_features,1zKwALimQNglZNu1enwzcx,spotify:track:1zKwALimQNglZNu1enwzcx,https://api.spotify.com/v1/tracks/1zKwALimQNglZNu1enwzcx,https://api.spotify.com/v1/audio-analysis/1zKwALimQNglZNu1enwzcx,180000,4,Tapão da Raba - Remix,Mark Diaz
0.711,0.59,6,-5.967,0,0.271,0.26,1.83e-06,0.0798,0.702,86.429,audio_features,24R0oyjvhV4HIFFvoK3XkP,spotify:track:24R0oyjvhV4HIFFvoK3XkP,https://api.spotify.com/v1/tracks/24R0oyjvhV4HIFFvoK3XkP,https://api.spotify.com/v1/audio-analysis/24R0oyjvhV4HIFFvoK3XkP,121384,5,TUMBÁTUM,Tropa do Bruxo
0.607,0.865,8,-3.63,0,0.094,0.0913,0.0,0.354,0.545,135.489,audio_features,2CKg2u26mtyRYodwbxmA8l,spotify:track:2CKg2u26mtyRYodwbxmA8l,https://api.spotify.com/v1/tracks/2CKg2u26mtyRYodwbxmA8l,https://api.spotify.com/v1/audio-analysis/2CKg2u26mtyRYodwbxmA8l,162960,4,Decide Aí - Na Praia / Ao Vivo,Matheus & Kauan
0.743,0.749,7,-5.793,0,0.0452,0.0432,8.53e-06,0.191,0.385,122.929,audio_features,2FCCdZhFIpM1tnTA8UFzZF,spotify:track:2FCCdZhFIpM1tnTA8UFzZF,https://api.spotify.com/v1/tracks/2FCCdZhFIpM1tnTA8UFzZF,https://api.spotify.com/v1/audio-analysis/2FCCdZhFIpM1tnTA8UFzZF,201290,4,Blue Sky,CAZZETTE
0.706,0.89,1,-4.444,0,0.0688,0.0588,0.00286,0.306,0.684,128.011,audio_features,2LEF1A8DOZ9wRYikWgVlZ8,spotify:track:2LEF1A8DOZ9wRYikWgVlZ8,https://api.spotify.com/v1/tracks/2LEF1A8DOZ9wRYikWgVlZ8,https://api.spotify.com/v1/audio-analysis/2LEF1A8DOZ9wRYikWgVlZ8,248133,4,Good Feeling,Flo Rida
0.682,0.873,6,-4.163,1,0.0449,0.402,0.0,0.0946,0.964,150.006,audio_features,2aJm1uVFVtTlbEXSIxcOAs,spotify:track:2aJm1uVFVtTlbEXSIxcOAs,https://api.spotify.com/v1/tracks/2aJm1uVFVtTlbEXSIxcOAs,https://api.spotify.com/v1/audio-analysis/2aJm1uVFVtTlbEXSIxcOAs,147072,4,Aquelas Coisas,João Gomes
0.667,0.608,1,-7.054,1,0.216,0.324,0.000198,0.426,0.475,99.992,audio_features,2uwnP6tZVVmTovzX5ELooy,spotify:track:2uwnP6tZVVmTovzX5ELooy,https://api.spotify.com/v1/tracks/2uwnP6tZVVmTovzX5ELooy,https://api.spotify.com/v1/audio-analysis/2uwnP6tZVVmTovzX5ELooy,241160,4,Power Trip (feat. Miguel),J. Cole
0.695,0.343,5,-10.798,1,0.0432,0.0743,1.04e-06,0.107,0.229,85.84,audio_features,35RJhm1pEovTBwnNR0zWad,spotify:track:35RJhm1pEovTBwnNR0zWad,https://api.spotify.com/v1/tracks/35RJhm1pEovTBwnNR0zWad,https://api.spotify.com/v1/audio-analysis/35RJhm1pEovTBwnNR0zWad,218902,4,GREECE (feat. Drake),DJ Khaled
0.693,0.705,8,-5.747,1,0.0665,0.0228,0.0,0.202,0.45,131.951,audio_features,38iU2jg98IZZEIJPrP7aWD,spotify:track:38iU2jg98IZZEIJPrP7aWD,https://api.spotify.com/v1/tracks/38iU2jg98IZZEIJPrP7aWD,https://api.spotify.com/v1/audio-analysis/38iU2jg98IZZEIJPrP7aWD,237947,4,Till the World Ends,Britney Spears
0.758,0.695,0,-5.453,0,0.101,0.237,0.0,0.0817,0.746,147.081,audio_features,3J2dWPo6aN0mwJFcg1aW4e,spotify:track:3J2dWPo6aN0mwJFcg1aW4e,https://api.spotify.com/v1/tracks/3J2dWPo6aN0mwJFcg1aW4e,https://api.spotify.com/v1/audio-analysis/3J2dWPo6aN0mwJFcg1aW4e,264057,4,Na Onda do Gin,WC no Beat
0.79,0.45,8,-7.571,0,0.195,0.335,0.0,0.125,0.273,98.064,audio_features,3LmuxO8mh3wwIfRUqHJFFy,spotify:track:3LmuxO8mh3wwIfRUqHJFFy,https://api.spotify.com/v1/tracks/3LmuxO8mh3wwIfRUqHJFFy,https://api.spotify.com/v1/audio-analysis/3LmuxO8mh3wwIfRUqHJFFy,235703,4,I'm The Man,50 Cent
0.832,0.843,7,-6.125,1,0.242,0.362,0.0,0.161,0.549,140.996,audio_features,3ZSqh50XvrZ80rDuSjZVrf,spotify:track:3ZSqh50XvrZ80rDuSjZVrf,https://api.spotify.com/v1/tracks/3ZSqh50XvrZ80rDuSjZVrf,https://api.spotify.com/v1/audio-analysis/3ZSqh50XvrZ80rDuSjZVrf,103839,4,Whistle,Riko Rose
0.812,0.67,5,-6.385,0,0.0565,0.0218,0.0,0.0518,0.439,137.038,audio_features,4EnwhEyuVrC1CgvSur5YL4,spotify:track:4EnwhEyuVrC1CgvSur5YL4,https://api.spotify.com/v1/tracks/4EnwhEyuVrC1CgvSur5YL4,https://api.spotify.com/v1/audio-analysis/4EnwhEyuVrC1CgvSur5YL4,198320,4,Bet On It,Troy
0.514,0.7,7,-6.827,1,0.0604,0.0021,0.00952,0.386,0.164,176.926,audio_features,574kOxVgCcy70oq623rvPE,spotify:track:574kOxVgCcy70oq623rvPE,https://api.spotify.com/v1/tracks/574kOxVgCcy70oq623rvPE,https://api.spotify.com/v1/audio-analysis/574kOxVgCcy70oq623rvPE,213559,3,Pour Over,Vintage Culture
0.874,0.499,11,-6.158,0,0.368,0.296,0.0,0.0767,0.93,139.991,audio_features,5R1vwlDOgaUw5vRcxszxpM,spotify:track:5R1vwlDOgaUw5vRcxszxpM,https://api.spotify.com/v1/tracks/5R1vwlDOgaUw5vRcxszxpM,https://api.spotify.com/v1/audio-analysis/5R1vwlDOgaUw5vRcxszxpM,97714,4,Eu Fiz um Jet Com a Irmã do Parça Vs Beat Risada,DJ LD DOS PREDIN
0.657,0.734,8,-4.832,0,0.484,0.149,0.0,0.139,0.434,91.03,audio_features,5SkRLpaGtvYPhw02vZhQQ9,spotify:track:5SkRLpaGtvYPhw02vZhQQ9,https://api.spotify.com/v1/tracks/5SkRLpaGtvYPhw02vZhQQ9,https://api.spotify.com/v1/audio-analysis/5SkRLpaGtvYPhw02vZhQQ9,223507,4,All Falls Down,Kanye West
0.691,0.921,8,-1.702,0,0.0533,0.173,0.0,0.331,0.8,130.072,audio_features,5YPMEOJ58kfl56VHxTgwx3,spotify:track:5YPMEOJ58kfl56VHxTgwx3,https://api.spotify.com/v1/tracks/5YPMEOJ58kfl56VHxTgwx3,https://api.spotify.com/v1/audio-analysis/5YPMEOJ58kfl56VHxTgwx3,201000,4,Play Hard (feat. Ne-Yo & Akon),David Guetta
0.829,0.428,0,-9.469,1,0.0831,0.056,0.00413,0.137,0.45,148.075,audio_features,5jnxxpX2834SB6LJ0S73Uz,spotify:track:5jnxxpX2834SB6LJ0S73Uz,https://api.spotify.com/v1/tracks/5jnxxpX2834SB6LJ0S73Uz,https://api.spotify.com/v1/audio-analysis/5jnxxpX2834SB6LJ0S73Uz,299333,4,Lollipop,Lil Wayne
